Statement,Correct,n,Fasttext.started_mean,Fasttext.started_raw,Fasttext.started_std,Fasttext.stopped_raw,Timer.started_raw,Timer.stopped_raw,fixcross.started_mean,fixcross.started_raw,fixcross.started_std,fixcross.stopped_mean,fixcross.stopped_raw,fixcross.stopped_std,key_resp.corr_mean,key_resp.corr_raw,key_resp.corr_std,key_resp.keys_raw,key_resp.rt_mean,key_resp.rt_raw,key_resp.rt_std,key_resp.started_mean,key_resp.started_raw,key_resp.started_std,key_resp.stopped_raw,order
A minute is finite,e,1.0,164.36322021484375,164.36322021484375,0.0,,,,163.88035583496094,163.88035583496094,0.0,164.3301239013672,164.3301239013672,0.0,0.0,0.0,0.0,'i',2.106977939605713,2.106977939605713,0.0,164.36322021484375,164.36322021484375,0.0,,51.0
A minute is infinite,i,1.0,356.8438720703125,356.8438720703125,0.0,,359.84504766929894,,356.3595275878906,356.3595275878906,0.0,356.8104248046875,356.8104248046875,0.0,1.0,1.0,0.0,'i',3.8046212196350098,3.8046212196350098,0.0,356.8438720703125,356.8438720703125,0.0,,119.0
A minute has an end,e,1.0,242.20150756835938,242.20150756835938,0.0,,,,241.71925354003906,241.71925354003906,0.0,242.16964721679688,242.16964721679688,0.0,1.0,1.0,0.0,'e',1.854001760482788,1.854001760482788,0.0,242.20150756835938,242.20150756835938,0.0,,84.0
A minute is endless,i,1.0,186.5818634033203,186.5818634033203,0.0,,,,186.09872436523438,186.09872436523438,0.0,186.54893493652344,186.54893493652344,0.0,1.0,1.0,0.0,'i',1.8450151681900024,1.8450151681900024,0.0,186.5818634033203,186.5818634033203,0.0,,62.0
A minute cannot go on forever,e,1.0,41.888572692871094,41.888572692871094,0.0,,44.88849437835161,45.08930432307534,41.405189514160156,41.405189514160156,0.0,41.85538101196289,41.85538101196289,0.0,1.0,1.0,0.0,'e',3.725475788116455,3.725475788116455,0.0,41.888572692871094,41.888572692871094,0.0,,1.0
A minute can go on forever,i,1.0,195.7501220703125,195.7501220703125,0.0,,198.75092540138866,,195.26516723632812,195.26516723632812,0.0,195.71624755859375,195.71624755859375,0.0,1.0,1.0,0.0,'i',4.356113910675049,4.356113910675049,0.0,195.7501220703125,195.7501220703125,0.0,,65.0
A minute cannot be further divided,i,1.0,306.7232360839844,306.7232360839844,0.0,,309.7237169503234,,306.2561340332031,306.2561340332031,0.0,306.70611572265625,306.70611572265625,0.0,1.0,1.0,0.0,'i',4.278658390045166,4.278658390045166,0.0,306.7232360839844,306.7232360839844,0.0,,103.0
A minute can be further divided,e,1.0,294.5549011230469,294.5549011230469,0.0,,,,294.0729064941406,294.0729064941406,0.0,294.5219421386719,294.5219421386719,0.0,1.0,1.0,0.0,'e',1.517760157585144,1.517760157585144,0.0,294.5549011230469,294.5549011230469,0.0,,99.0
An inch is finite,e,1.0,429.9161682128906,429.9161682128906,0.0,,,,429.43206787109375,429.43206787109375,0.0,429.88214111328125,429.88214111328125,0.0,1.0,1.0,0.0,'e',1.3133461475372314,1.3133461475372314,0.0,429.9161682128906,429.9161682128906,0.0,,146.0
An inch is infinite,i,1.0,304.0227355957031,304.0227355957031,0.0,,,,303.5397033691406,303.5397033691406,0.0,303.9895935058594,303.9895935058594,0.0,1.0,1.0,0.0,'i',2.188744306564331,2.188744306564331,0.0,304.0227355957031,304.0227355957031,0.0,,102.0
An inch has an end,e,1.0,404.6637878417969,404.6637878417969,0.0,,,,404.1800842285156,404.1800842285156,0.0,404.63067626953125,404.63067626953125,0.0,1.0,1.0,0.0,'e',1.1873626708984375,1.1873626708984375,0.0,404.6637878417969,404.6637878417969,0.0,,137.0
An inch is endless,i,1.0,171.2134552001953,171.2134552001953,0.0,,,,170.73020935058594,170.73020935058594,0.0,171.17999267578125,171.17999267578125,0.0,1.0,1.0,0.0,'i',1.3783410787582397,1.3783410787582397,0.0,171.2134552001953,171.2134552001953,0.0,,54.0
An inch cannot go on forever,e,1.0,289.755615234375,289.755615234375,0.0,,,,289.2713623046875,289.2713623046875,0.0,289.7225646972656,289.7225646972656,0.0,0.0,0.0,0.0,'i',1.779025912284851,1.779025912284851,0.0,289.755615234375,289.755615234375,0.0,,97.0
An inch can go on forever,i,1.0,238.2684326171875,238.2684326171875,0.0,,,,237.78564453125,237.78564453125,0.0,238.23548889160156,238.23548889160156,0.0,1.0,1.0,0.0,'i',1.4982082843780518,1.4982082843780518,0.0,238.2684326171875,238.2684326171875,0.0,,82.0
An inch cannot be further divided,i,1.0,412.0147399902344,412.0147399902344,0.0,,415.015418389393,,411.52996826171875,411.52996826171875,0.0,411.98126220703125,411.98126220703125,0.0,0.0,0.0,0.0,'e',3.949972152709961,3.949972152709961,0.0,412.0147399902344,412.0147399902344,0.0,,140.0
An inch can be further divided,e,1.0,184.1488800048828,184.1488800048828,0.0,,,,183.6650390625,183.6650390625,0.0,184.1152801513672,184.1152801513672,0.0,1.0,1.0,0.0,'e',1.9191097021102905,1.9191097021102905,0.0,184.1488800048828,184.1488800048828,0.0,,61.0
Intervals of time are finite,e,1.0,346.4093322753906,346.4093322753906,0.0,,,,345.9256286621094,345.9256286621094,0.0,346.3763427734375,346.3763427734375,0.0,0.0,0.0,0.0,'i',2.865485429763794,2.865485429763794,0.0,346.4093322753906,346.4093322753906,0.0,,115.0
Intervals of time are infinite,i,1.0,202.2169189453125,202.2169189453125,0.0,,,,201.7327117919922,201.7327117919922,0.0,202.1829833984375,202.1829833984375,0.0,1.0,1.0,0.0,'i',1.32907235622406,1.32907235622406,0.0,202.2169189453125,202.2169189453125,0.0,,67.0
Intervals of time have an end,e,1.0,283.870849609375,283.870849609375,0.0,,,,283.3882751464844,283.3882751464844,0.0,283.8379211425781,283.8379211425781,0.0,1.0,1.0,0.0,'e',1.9446536302566528,1.9446536302566528,0.0,283.870849609375,283.870849609375,0.0,283.38828104001004,94.0
Intervals of time are endless,i,1.0,74.4405517578125,74.4405517578125,0.0,,,,73.95762634277344,73.95762634277344,0.0,74.40788269042969,74.40788269042969,0.0,1.0,1.0,0.0,'i',1.6182674169540405,1.6182674169540405,0.0,74.4405517578125,74.4405517578125,0.0,,13.0
Intervals of time cannot go on forever,e,1.0,339.0085144042969,339.0085144042969,0.0,344.00946099997964,342.00943298130295,,338.5257873535156,338.5257873535156,0.0,338.9752502441406,338.9752502441406,0.0,0.0,0.0,0.0,'i',5.030555725097656,5.030555725097656,0.0,339.0085144042969,339.0085144042969,0.0,,113.0
Intervals of time can go on forever,i,1.0,277.8892517089844,277.8892517089844,0.0,282.8893193430267,280.88775494932196,,277.4046936035156,277.4046936035156,0.0,277.855224609375,277.855224609375,0.0,0.0,0.0,0.0,,,,,277.8892517089844,277.8892517089844,0.0,,93.0
Intervals of time cannot be further divided,i,1.0,246.2185516357422,246.2185516357422,0.0,251.21911385201383,249.22015331829897,,245.73602294921875,245.73602294921875,0.0,246.1857452392578,246.1857452392578,0.0,0.0,0.0,0.0,,,,,246.2185516357422,246.2185516357422,0.0,,86.0
Intervals of time can be further divided,e,1.0,65.6067886352539,65.6067886352539,0.0,,68.60749841928482,,65.14073181152344,65.14073181152344,0.0,65.59001159667969,65.59001159667969,0.0,1.0,1.0,0.0,'e',3.9575893878936768,3.9575893878936768,0.0,65.6067886352539,65.6067886352539,0.0,,11.0
Spatial intervals are finite,e,1.0,316.3399353027344,316.3399353027344,0.0,,319.3411311373813,,315.8573303222656,315.8573303222656,0.0,316.3072204589844,316.3072204589844,0.0,1.0,1.0,0.0,'e',3.535611391067505,3.535611391067505,0.0,316.3399353027344,316.3399353027344,0.0,,106.0
Spatial intervals are infinite,i,1.0,349.7765197753906,349.7765197753906,0.0,,,,349.3105163574219,349.3105163574219,0.0,349.7595520019531,349.7595520019531,0.0,1.0,1.0,0.0,'i',1.7916786670684814,1.7916786670684814,0.0,349.7765197753906,349.7765197753906,0.0,,116.0
Spatial intervals have an end,e,1.0,85.87459564208984,85.87459564208984,0.0,,,,85.39230346679688,85.39230346679688,0.0,85.84078216552734,85.84078216552734,0.0,1.0,1.0,0.0,'e',1.630549669265747,1.630549669265747,0.0,85.87459564208984,85.87459564208984,0.0,,18.0
Spatial intervals are endless,i,1.0,83.74176788330078,83.74176788330078,0.0,,,,83.25769805908203,83.25769805908203,0.0,83.70806884765625,83.70806884765625,0.0,1.0,1.0,0.0,'i',1.6225041151046753,1.6225041151046753,0.0,83.74176788330078,83.74176788330078,0.0,,17.0
Spatial intervals cannot go on forever,e,1.0,388.74652099609375,388.74652099609375,0.0,,,,388.2626647949219,388.2626647949219,0.0,388.71270751953125,388.71270751953125,0.0,0.0,0.0,0.0,'i',2.433856964111328,2.433856964111328,0.0,388.74652099609375,388.74652099609375,0.0,,132.0
Spatial intervals can go on forever,i,1.0,48.13938522338867,48.13938522338867,0.0,,,,47.65686798095703,47.65686798095703,0.0,48.10557174682617,48.10557174682617,0.0,1.0,1.0,0.0,'i',2.2583484649658203,2.2583484649658203,0.0,48.13938522338867,48.13938522338867,0.0,,3.0
Spatial intervals cannot be further divided,i,1.0,383.0291442871094,383.0291442871094,0.0,,,,382.54486083984375,382.54486083984375,0.0,382.99591064453125,382.99591064453125,0.0,0.0,0.0,0.0,'e',2.054682970046997,2.054682970046997,0.0,383.0291442871094,383.0291442871094,0.0,,129.0
Spatial intervals can be further divided,e,1.0,211.1669921875,211.1669921875,0.0,,,,210.68365478515625,210.68365478515625,0.0,211.1344451904297,211.1344451904297,0.0,0.0,0.0,0.0,'i',1.1814641952514648,1.1814641952514648,0.0,211.1669921875,211.1669921875,0.0,,71.0
Numerical intervals are finite,e,1.0,361.1614685058594,361.1614685058594,0.0,,364.16089274133554,,360.6777648925781,360.6777648925781,0.0,361.1274108886719,361.1274108886719,0.0,0.0,0.0,0.0,'i',4.028709888458252,4.028709888458252,0.0,361.1614685058594,361.1614685058594,0.0,,120.0
Numerical intervals are infinite,i,1.0,130.36178588867188,130.36178588867188,0.0,,,,129.8783416748047,129.8783416748047,0.0,130.32989501953125,130.32989501953125,0.0,0.0,0.0,0.0,'e',0.9843072891235352,0.9843072891235352,0.0,130.36178588867188,130.36178588867188,0.0,,36.0
Numerical intervals have an end,e,1.0,328.59149169921875,328.59149169921875,0.0,,331.5915418552933,,328.108154296875,328.108154296875,0.0,328.5578918457031,328.5578918457031,0.0,0.0,0.0,0.0,'i',3.065427541732788,3.065427541732788,0.0,328.59149169921875,328.59149169921875,0.0,,109.0
Numerical intervals are endless,i,1.0,108.42610168457031,108.42610168457031,0.0,,,,107.96051025390625,107.96051025390625,0.0,108.40962982177734,108.40962982177734,0.0,1.0,1.0,0.0,'i',1.9097172021865845,1.9097172021865845,0.0,108.42610168457031,108.42610168457031,0.0,,28.0
Numerical intervals cannot go on forever,e,1.0,375.694580078125,375.694580078125,0.0,,,,375.22784423828125,375.22784423828125,0.0,375.6785583496094,375.6785583496094,0.0,0.0,0.0,0.0,'i',1.6840523481369019,1.6840523481369019,0.0,375.694580078125,375.694580078125,0.0,,125.0
Numerical intervals can go on forever,i,1.0,145.9795684814453,145.9795684814453,0.0,,148.97975531236733,,145.49588012695312,145.49588012695312,0.0,145.9461669921875,145.9461669921875,0.0,1.0,1.0,0.0,'i',3.5695297718048096,3.5695297718048096,0.0,145.9795684814453,145.9795684814453,0.0,,44.0
Numerical intervals cannot be further divided,i,1.0,296.57318115234375,296.57318115234375,0.0,,299.58954663230105,,296.1054382324219,296.1054382324219,0.0,296.5566101074219,296.5566101074219,0.0,1.0,1.0,0.0,'i',4.639360427856445,4.639360427856445,0.0,296.57318115234375,296.57318115234375,0.0,,100.0
Numerical intervals can be further divided,e,1.0,119.1446304321289,119.1446304321289,0.0,,122.14374886632432,,118.66014099121094,118.66014099121094,0.0,119.11078643798828,119.11078643798828,0.0,1.0,1.0,0.0,'e',2.998938798904419,2.998938798904419,0.0,119.1446304321289,119.1446304321289,0.0,,32.0
Time is finite,i,1.0,311.5079040527344,311.5079040527344,0.0,,,,311.02349853515625,311.02349853515625,0.0,311.4737243652344,311.4737243652344,0.0,1.0,1.0,0.0,'i',2.411040782928467,2.411040782928467,0.0,311.5079040527344,311.5079040527344,0.0,,104.0
Time is infinite,e,1.0,212.85162353515625,212.85162353515625,0.0,,,,212.36660766601562,212.36660766601562,0.0,212.8168182373047,212.8168182373047,0.0,1.0,1.0,0.0,'e',1.0746177434921265,1.0746177434921265,0.0,212.85162353515625,212.85162353515625,0.0,,72.0
Time has an end,i,1.0,377.87786865234375,377.87786865234375,0.0,,,,377.39453125,377.39453125,0.0,377.84503173828125,377.84503173828125,0.0,1.0,1.0,0.0,'i',2.465372323989868,2.465372323989868,0.0,377.87786865234375,377.87786865234375,0.0,,126.0
Time is endless,e,1.0,92.15879821777344,92.15879821777344,0.0,,,,91.69184875488281,91.69184875488281,0.0,92.14216613769531,92.14216613769531,0.0,1.0,1.0,0.0,'e',1.0480586290359497,1.0480586290359497,0.0,92.15879821777344,92.15879821777344,0.0,,21.0
Time cannot go on forever,i,1.0,437.94873046875,437.94873046875,0.0,,,,437.4659423828125,437.4659423828125,0.0,437.9166259765625,437.9166259765625,0.0,1.0,1.0,0.0,'i',1.8888567686080933,1.8888567686080933,0.0,437.94873046875,437.94873046875,0.0,,149.0
Time can go on forever,e,1.0,97.72602081298828,97.72602081298828,0.0,,,,97.24291229248047,97.24291229248047,0.0,97.69172668457031,97.69172668457031,0.0,1.0,1.0,0.0,'e',1.1334425210952759,1.1334425210952759,0.0,97.72602081298828,97.72602081298828,0.0,,23.0
Time cannot be further divided,i,1.0,161.99685668945312,161.99685668945312,0.0,,,,161.51406860351562,161.51406860351562,0.0,161.9634246826172,161.9634246826172,0.0,1.0,1.0,0.0,'i',1.8525046110153198,1.8525046110153198,0.0,161.99685668945312,161.99685668945312,0.0,,50.0
Time can be further divided,e,1.0,354.31024169921875,354.31024169921875,0.0,,,,353.83099365234375,353.83099365234375,0.0,354.29296875,354.29296875,0.0,1.0,1.0,0.0,'e',2.0235543251037598,2.0235543251037598,0.0,354.31024169921875,354.31024169921875,0.0,,118.0
Space is finite,i,1.0,352.07696533203125,352.07696533203125,0.0,,,,351.59326171875,351.59326171875,0.0,352.0440368652344,352.0440368652344,0.0,1.0,1.0,0.0,'i',1.724008560180664,1.724008560180664,0.0,352.07696533203125,352.07696533203125,0.0,,117.0
Space is infinite,e,1.0,326.3750915527344,326.3750915527344,0.0,,,,325.8914794921875,325.8914794921875,0.0,326.3414611816406,326.3414611816406,0.0,1.0,1.0,0.0,'e',1.707592248916626,1.707592248916626,0.0,326.3750915527344,326.3750915527344,0.0,325.8914868410211,108.0
Space has an end,i,1.0,236.23455810546875,236.23455810546875,0.0,,,,235.7515411376953,235.7515411376953,0.0,236.2012939453125,236.2012939453125,0.0,1.0,1.0,0.0,'i',1.52035391330719,1.52035391330719,0.0,236.23455810546875,236.23455810546875,0.0,,81.0
Space is endless,e,1.0,81.02462005615234,81.02462005615234,0.0,,,,80.54121398925781,80.54121398925781,0.0,80.9914779663086,80.9914779663086,0.0,1.0,1.0,0.0,'e',2.2119007110595703,2.2119007110595703,0.0,81.02462005615234,81.02462005615234,0.0,,16.0
Space cannot go on forever,i,1.0,46.13927459716797,46.13927459716797,0.0,,,,45.65555191040039,45.65555191040039,0.0,46.10604476928711,46.10604476928711,0.0,0.0,0.0,0.0,'e',1.4856232404708862,1.4856232404708862,0.0,46.13927459716797,46.13927459716797,0.0,,2.0
Space can go on forever,e,1.0,426.93182373046875,426.93182373046875,0.0,,,,426.4481506347656,426.4481506347656,0.0,426.8985595703125,426.8985595703125,0.0,1.0,1.0,0.0,'e',1.1478854417800903,1.1478854417800903,0.0,426.93182373046875,426.93182373046875,0.0,,144.0
Space cannot be further divided,i,1.0,433.0487060546875,433.0487060546875,0.0,,436.04961812233086,,432.5655212402344,432.5655212402344,0.0,433.01593017578125,433.01593017578125,0.0,0.0,0.0,0.0,'e',4.3931803703308105,4.3931803703308105,0.0,433.0487060546875,433.0487060546875,0.0,,148.0
Space can be further divided,e,1.0,125.6445083618164,125.6445083618164,0.0,,128.645148907369,,125.16047668457031,125.16047668457031,0.0,125.61143493652344,125.61143493652344,0.0,1.0,1.0,0.0,'e',4.201932430267334,4.201932430267334,0.0,125.6445083618164,125.6445083618164,0.0,,35.0
Number is finite,i,1.0,160.51443481445312,160.51443481445312,0.0,,,,160.02919006347656,160.02919006347656,0.0,160.48019409179688,160.48019409179688,0.0,1.0,1.0,0.0,'i',0.979150652885437,0.979150652885437,0.0,160.51443481445312,160.51443481445312,0.0,,49.0
Number is infinite,e,1.0,369.043701171875,369.043701171875,0.0,,,,368.5610046386719,368.5610046386719,0.0,369.01031494140625,369.01031494140625,0.0,1.0,1.0,0.0,'e',1.5320690870285034,1.5320690870285034,0.0,369.043701171875,369.043701171875,0.0,,122.0
Number has an end,i,1.0,371.0778503417969,371.0778503417969,0.0,,,,370.594970703125,370.594970703125,0.0,371.0446472167969,371.0446472167969,0.0,1.0,1.0,0.0,'i',2.6538612842559814,2.6538612842559814,0.0,371.0778503417969,371.0778503417969,0.0,,123.0
Number is endless,e,1.0,131.87811279296875,131.87811279296875,0.0,,,,131.394775390625,131.394775390625,0.0,131.8441162109375,131.8441162109375,0.0,1.0,1.0,0.0,'e',1.0121091604232788,1.0121091604232788,0.0,131.87811279296875,131.87811279296875,0.0,,37.0
Number cannot go on forever,i,1.0,406.36419677734375,406.36419677734375,0.0,,,,405.8800048828125,405.8800048828125,0.0,406.3301086425781,406.3301086425781,0.0,0.0,0.0,0.0,'e',1.6416701078414917,1.6416701078414917,0.0,406.36419677734375,406.36419677734375,0.0,,138.0
Number can go on forever,e,1.0,428.582763671875,428.582763671875,0.0,,,,428.0983581542969,428.0983581542969,0.0,428.5486755371094,428.5486755371094,0.0,1.0,1.0,0.0,'e',0.8208179473876953,0.8208179473876953,0.0,428.582763671875,428.582763671875,0.0,,145.0
Number cannot be further divided,i,1.0,320.3907470703125,320.3907470703125,0.0,325.39211146498565,323.39125658634583,,319.907470703125,319.907470703125,0.0,320.3581848144531,320.3581848144531,0.0,0.0,0.0,0.0,,,,,320.3907470703125,320.3907470703125,0.0,,107.0
Number can be further divided,e,1.0,229.88449096679688,229.88449096679688,0.0,,,,229.40203857421875,229.40203857421875,0.0,229.8517303466797,229.8517303466797,0.0,1.0,1.0,0.0,'e',2.7399322986602783,2.7399322986602783,0.0,229.88449096679688,229.88449096679688,0.0,,79.0
Five is finite,e,1.0,269.8869934082031,269.8869934082031,0.0,274.8872926130425,272.88741229828446,,269.42059326171875,269.42059326171875,0.0,269.8702087402344,269.8702087402344,0.0,0.0,0.0,0.0,,,,,269.8869934082031,269.8869934082031,0.0,,91.0
Five is infinite,i,1.0,173.097900390625,173.097900390625,0.0,,,,172.6142120361328,172.6142120361328,0.0,173.06463623046875,173.06463623046875,0.0,1.0,1.0,0.0,'i',1.2652381658554077,1.2652381658554077,0.0,173.097900390625,173.097900390625,0.0,,55.0
Five has an end,e,1.0,344.54302978515625,344.54302978515625,0.0,,,,344.0596008300781,344.0596008300781,0.0,344.51031494140625,344.51031494140625,0.0,1.0,1.0,0.0,'e',1.3586761951446533,1.3586761951446533,0.0,344.54302978515625,344.54302978515625,0.0,,114.0
Five is endless,i,1.0,275.8709411621094,275.8709411621094,0.0,,,,275.38848876953125,275.38848876953125,0.0,275.8544006347656,275.8544006347656,0.0,1.0,1.0,0.0,'i',1.5031534433364868,1.5031534433364868,0.0,275.8709411621094,275.8709411621094,0.0,275.38849093799945,92.0
Five cannot go on forever,e,1.0,179.7150421142578,179.7150421142578,0.0,,,,179.2307586669922,179.2307586669922,0.0,179.68154907226562,179.68154907226562,0.0,0.0,0.0,0.0,'i',1.173307180404663,1.173307180404663,0.0,179.7150421142578,179.7150421142578,0.0,,59.0
Five can go on forever,i,1.0,400.7630920410156,400.7630920410156,0.0,,403.7636415153276,,400.2975769042969,400.2975769042969,0.0,400.74609375,400.74609375,0.0,1.0,1.0,0.0,'i',3.3860645294189453,3.3860645294189453,0.0,400.7630920410156,400.7630920410156,0.0,,136.0
Five cannot be further divided,i,1.0,102.12552642822266,102.12552642822266,0.0,,,,101.6429443359375,101.6429443359375,0.0,102.0927963256836,102.0927963256836,0.0,1.0,1.0,0.0,'i',2.1465816497802734,2.1465816497802734,0.0,102.12552642822266,102.12552642822266,0.0,,25.0
Five can be further divided,e,1.0,110.84354400634766,110.84354400634766,0.0,,113.84525141438935,,110.35997772216797,110.35997772216797,0.0,110.80986785888672,110.80986785888672,0.0,1.0,1.0,0.0,'e',4.364018440246582,4.364018440246582,0.0,110.84354400634766,110.84354400634766,0.0,,29.0
Crocodiles are alive,e,1.0,385.59527587890625,385.59527587890625,0.0,,,,385.1121520996094,385.1121520996094,0.0,385.563232421875,385.563232421875,0.0,1.0,1.0,0.0,'e',1.3176676034927368,1.3176676034927368,0.0,385.59527587890625,385.59527587890625,0.0,,130.0
Pelicans are alive,e,1.0,40.42182159423828,40.42182159423828,0.0,,,,39.954952239990234,39.954952239990234,0.0,40.40437316894531,40.40437316894531,0.0,1.0,1.0,0.0,'e',0.9453354477882385,0.9453354477882385,0.0,40.42182159423828,40.42182159423828,0.0,,0.0
Turtles need nutrients,e,1.0,150.0628204345703,150.0628204345703,0.0,,153.06214668338652,,149.5787811279297,149.5787811279297,0.0,150.02972412109375,150.02972412109375,0.0,1.0,1.0,0.0,'e',3.8193228244781494,3.8193228244781494,0.0,150.0628204345703,150.0628204345703,0.0,,45.0
Tigers reproduce,e,1.0,228.50100708007812,228.50100708007812,0.0,,,,228.01808166503906,228.01808166503906,0.0,228.46751403808594,228.46751403808594,0.0,1.0,1.0,0.0,'e',0.8724368214607239,0.8724368214607239,0.0,228.50100708007812,228.50100708007812,0.0,,78.0
Frogs reproduce,e,1.0,380.8459167480469,380.8459167480469,0.0,,,,380.3611755371094,380.3611755371094,0.0,380.8120422363281,380.8120422363281,0.0,1.0,1.0,0.0,'e',0.670184314250946,0.670184314250946,0.0,380.8459167480469,380.8459167480469,0.0,,127.0
Bricks can be put in a container,e,1.0,214.4335479736328,214.4335479736328,0.0,,,,213.95089721679688,213.95089721679688,0.0,214.39988708496094,214.39988708496094,0.0,1.0,1.0,0.0,'e',2.47268009185791,2.47268009185791,0.0,214.4335479736328,214.4335479736328,0.0,,73.0
Dumbells are composed of matter,e,1.0,200.6171112060547,200.6171112060547,0.0,,,,200.1331787109375,200.1331787109375,0.0,200.58297729492188,200.58297729492188,0.0,1.0,1.0,0.0,'e',1.0931023359298706,1.0931023359298706,0.0,200.6171112060547,200.6171112060547,0.0,,66.0
Concrete is composed of matter,e,1.0,188.93174743652344,188.93174743652344,0.0,,,,188.4483184814453,188.4483184814453,0.0,188.89852905273438,188.89852905273438,0.0,1.0,1.0,0.0,'e',2.618079423904419,2.618079423904419,0.0,188.93174743652344,188.93174743652344,0.0,,63.0
Diamonds have a molecular structure,e,1.0,88.0252914428711,88.0252914428711,0.0,,,,87.54133605957031,87.54133605957031,0.0,87.9921646118164,87.9921646118164,0.0,1.0,1.0,0.0,'e',1.4228183031082153,1.4228183031082153,0.0,88.0252914428711,88.0252914428711,0.0,,19.0
Rocks have a molecular structure,e,1.0,334.49188232421875,334.49188232421875,0.0,,,,334.00860595703125,334.00860595703125,0.0,334.45855712890625,334.45855712890625,0.0,1.0,1.0,0.0,'e',2.5005619525909424,2.5005619525909424,0.0,334.49188232421875,334.49188232421875,0.0,,111.0
Clocks are alive,i,1.0,416.46405029296875,416.46405029296875,0.0,,,,415.9808349609375,415.9808349609375,0.0,416.4314270019531,416.4314270019531,0.0,1.0,1.0,0.0,'i',1.1051844358444214,1.1051844358444214,0.0,416.46405029296875,416.46405029296875,0.0,,141.0
Comets are alive,i,1.0,70.07435607910156,70.07435607910156,0.0,,73.07443932134193,,69.5904769897461,69.5904769897461,0.0,70.0403060913086,70.0403060913086,0.0,1.0,1.0,0.0,'i',3.852787971496582,3.852787971496582,0.0,70.07435607910156,70.07435607910156,0.0,,12.0
Robots need nutrients,i,1.0,292.0388488769531,292.0388488769531,0.0,,,,291.5570983886719,291.5570983886719,0.0,292.02178955078125,292.02178955078125,0.0,1.0,1.0,0.0,'i',2.0086987018585205,2.0086987018585205,0.0,292.0388488769531,292.0388488769531,0.0,,98.0
Tornadoes reproduce,i,1.0,63.75691223144531,63.75691223144531,0.0,,,,63.27338409423828,63.27338409423828,0.0,63.72430419921875,63.72430419921875,0.0,1.0,1.0,0.0,'i',1.33980131149292,1.33980131149292,0.0,63.75691223144531,63.75691223144531,0.0,,10.0
Computers reproduce,i,1.0,387.4122314453125,387.4122314453125,0.0,,,,386.9286193847656,386.9286193847656,0.0,387.37896728515625,387.37896728515625,0.0,0.0,0.0,0.0,'e',0.8337215781211853,0.8337215781211853,0.0,387.4122314453125,387.4122314453125,0.0,,131.0
Color can be put in a container,i,1.0,134.8123016357422,134.8123016357422,0.0,,,,134.34515380859375,134.34515380859375,0.0,134.79559326171875,134.79559326171875,0.0,1.0,1.0,0.0,'i',1.1456397771835327,1.1456397771835327,0.0,134.8123016357422,134.8123016357422,0.0,,39.0
Echoes is composed of matter,i,1.0,155.96347045898438,155.96347045898438,0.0,,,,155.48040771484375,155.48040771484375,0.0,155.9302520751953,155.9302520751953,0.0,1.0,1.0,0.0,'i',2.627222776412964,2.627222776412964,0.0,155.96347045898438,155.96347045898438,0.0,,47.0
Shadows are composed of matter,i,1.0,99.37586975097656,99.37586975097656,0.0,,,,98.89283752441406,98.89283752441406,0.0,99.34259033203125,99.34259033203125,0.0,1.0,1.0,0.0,'i',2.2173991203308105,2.2173991203308105,0.0,99.37586975097656,99.37586975097656,0.0,,24.0
Music have a molecular structure,i,1.0,93.70813751220703,93.70813751220703,0.0,,96.70846601137892,,93.22489166259766,93.22489166259766,0.0,93.67585754394531,93.67585754394531,0.0,1.0,1.0,0.0,'i',3.513474225997925,3.513474225997925,0.0,93.70813751220703,93.70813751220703,0.0,,22.0
Gravity has a molecular structure,i,1.0,441.8167419433594,441.8167419433594,0.0,,,,441.3498229980469,441.3498229980469,0.0,441.79986572265625,441.79986572265625,0.0,1.0,1.0,0.0,'i',1.6378527879714966,1.6378527879714966,0.0,441.8167419433594,441.8167419433594,0.0,,151.0
Algae is alive,e,1.0,431.732421875,431.732421875,0.0,,,,431.2486267089844,431.2486267089844,0.0,431.697998046875,431.697998046875,0.0,1.0,1.0,0.0,'e',0.8140479326248169,0.8140479326248169,0.0,431.732421875,431.732421875,0.0,,147.0
Bacteria are alive,e,1.0,382.028076171875,382.028076171875,0.0,,,,381.544921875,381.544921875,0.0,381.99578857421875,381.99578857421875,0.0,1.0,1.0,0.0,'e',0.49788013100624084,0.49788013100624084,0.0,382.028076171875,382.028076171875,0.0,,128.0
Grass needs nutrients,e,1.0,259.9034729003906,259.9034729003906,0.0,264.90349684201647,262.9040696213953,,259.4212951660156,259.4212951660156,0.0,259.88726806640625,259.88726806640625,0.0,0.0,0.0,0.0,,,,,259.9034729003906,259.9034729003906,0.0,,89.0
Oaks reproduce,e,1.0,207.23377990722656,207.23377990722656,0.0,,210.23373538539744,,206.7491912841797,206.7491912841797,0.0,207.19920349121094,207.19920349121094,0.0,1.0,1.0,0.0,'e',3.423823833465576,3.423823833465576,0.0,207.23377990722656,207.23377990722656,0.0,,70.0
Mushrooms reproduce,e,1.0,78.92449188232422,78.92449188232422,0.0,,,,78.44097137451172,78.44097137451172,0.0,78.8909912109375,78.8909912109375,0.0,1.0,1.0,0.0,'e',1.5910967588424683,1.5910967588424683,0.0,78.92449188232422,78.92449188232422,0.0,,15.0
Bubbles can be put in a container,e,1.0,301.72247314453125,301.72247314453125,0.0,,,,301.2402648925781,301.2402648925781,0.0,301.6897888183594,301.6897888183594,0.0,1.0,1.0,0.0,'e',1.796202301979065,1.796202301979065,0.0,301.72247314453125,301.72247314453125,0.0,,101.0
Foam are composed of matter,e,1.0,252.2033233642578,252.2033233642578,0.0,257.20307888207026,255.20363509228918,,251.72052001953125,251.72052001953125,0.0,252.169677734375,252.169677734375,0.0,0.0,0.0,0.0,,,,,252.2033233642578,252.2033233642578,0.0,251.72051550506148,87.0
Frost is composed of matter,e,1.0,61.68993377685547,61.68993377685547,0.0,,,,61.205726623535156,61.205726623535156,0.0,61.656768798828125,61.656768798828125,0.0,1.0,1.0,0.0,'e',1.5517343282699585,1.5517343282699585,0.0,61.68993377685547,61.68993377685547,0.0,,9.0
Pollen has a molecular structure,e,1.0,217.41761779785156,217.41761779785156,0.0,,,,216.93374633789062,216.93374633789062,0.0,217.38418579101562,217.38418579101562,0.0,1.0,1.0,0.0,'e',2.7574069499969482,2.7574069499969482,0.0,217.41761779785156,217.41761779785156,0.0,,74.0
Saliva has a molecular structure,e,1.0,314.4405517578125,314.4405517578125,0.0,,,,313.9580993652344,313.9580993652344,0.0,314.40692138671875,314.40692138671875,0.0,1.0,1.0,0.0,'e',1.3844056129455566,1.3844056129455566,0.0,314.4405517578125,314.4405517578125,0.0,,105.0
Hammers are alive,i,1.0,76.57373046875,76.57373046875,0.0,,,,76.0902099609375,76.0902099609375,0.0,76.54080200195312,76.54080200195312,0.0,1.0,1.0,0.0,'i',1.835972547531128,1.835972547531128,0.0,76.57373046875,76.57373046875,0.0,,14.0
Forks are alive,i,1.0,204.04920959472656,204.04920959472656,0.0,,,,203.56642150878906,203.56642150878906,0.0,204.01589965820312,204.01589965820312,0.0,1.0,1.0,0.0,'i',1.0467044115066528,1.0467044115066528,0.0,204.04920959472656,204.04920959472656,0.0,,68.0
Mittens need nutrients,i,1.0,50.905887603759766,50.905887603759766,0.0,,,,50.42314147949219,50.42314147949219,0.0,50.87256622314453,50.87256622314453,0.0,1.0,1.0,0.0,'i',1.2317944765090942,1.2317944765090942,0.0,50.905887603759766,50.905887603759766,0.0,,4.0
Tables reproduce,i,1.0,176.56460571289062,176.56460571289062,0.0,,,,176.0812225341797,176.0812225341797,0.0,176.5313262939453,176.5313262939453,0.0,1.0,1.0,0.0,'i',1.0740410089492798,1.0740410089492798,0.0,176.56460571289062,176.56460571289062,0.0,,57.0
Stones reproduce,i,1.0,224.76873779296875,224.76873779296875,0.0,,227.76772956135682,,224.28407287597656,224.28407287597656,0.0,224.73489379882812,224.73489379882812,0.0,1.0,1.0,0.0,'i',3.216693639755249,3.216693639755249,0.0,224.76873779296875,224.76873779296875,0.0,,77.0
Songs can be put in a container,i,1.0,115.71053314208984,115.71053314208984,0.0,,,,115.22618103027344,115.22618103027344,0.0,115.67691040039062,115.67691040039062,0.0,1.0,1.0,0.0,'i',1.3277523517608643,1.3277523517608643,0.0,115.71053314208984,115.71053314208984,0.0,,30.0
Stories are composed of matter,i,1.0,106.39285278320312,106.39285278320312,0.0,,,,105.91033172607422,105.91033172607422,0.0,106.36028289794922,106.36028289794922,0.0,1.0,1.0,0.0,'i',1.5240657329559326,1.5240657329559326,0.0,106.39285278320312,106.39285278320312,0.0,,27.0
Thoughts are composed of matter,i,1.0,418.0815734863281,418.0815734863281,0.0,,421.08222690334077,,417.5982666015625,417.5982666015625,0.0,418.0476379394531,418.0476379394531,0.0,1.0,1.0,0.0,'i',3.6124868392944336,3.6124868392944336,0.0,418.0815734863281,418.0815734863281,0.0,,142.0
Words have a molecular structure,i,1.0,192.0487518310547,192.0487518310547,0.0,,195.0495268303668,,191.5659942626953,191.5659942626953,0.0,192.0153350830078,192.0153350830078,0.0,1.0,1.0,0.0,'i',3.1958999633789062,3.1958999633789062,0.0,192.0487518310547,192.0487518310547,0.0,,64.0
Dreams have a molecular structure,i,1.0,337.50885009765625,337.50885009765625,0.0,,,,337.025146484375,337.025146484375,0.0,337.4758605957031,337.4758605957031,0.0,1.0,1.0,0.0,'i',0.9976292848587036,0.9976292848587036,0.0,337.50885009765625,337.50885009765625,0.0,,112.0
This sentence is written in English,e,1.0,124.24441528320312,124.24441528320312,0.0,,,,123.7613296508789,123.7613296508789,0.0,124.2281494140625,124.2281494140625,0.0,1.0,1.0,0.0,'e',0.883345901966095,0.883345901966095,0.0,124.24441528320312,124.24441528320312,0.0,,34.0
A square is a shape,e,1.0,117.54322052001953,117.54322052001953,0.0,,,,117.06068420410156,117.06068420410156,0.0,117.51068115234375,117.51068115234375,0.0,1.0,1.0,0.0,'e',1.097085952758789,1.097085952758789,0.0,117.54322052001953,117.54322052001953,0.0,,31.0
A triangle is a shape,e,1.0,104.77619171142578,104.77619171142578,0.0,,,,104.29265594482422,104.29265594482422,0.0,104.74282836914062,104.74282836914062,0.0,1.0,1.0,0.0,'e',1.111796498298645,1.111796498298645,0.0,104.77619171142578,104.77619171142578,0.0,,26.0
A circle is a shape,e,1.0,287.82257080078125,287.82257080078125,0.0,,,,287.3389892578125,287.3389892578125,0.0,287.7884521484375,287.7884521484375,0.0,1.0,1.0,0.0,'e',1.4061375856399536,1.4061375856399536,0.0,287.82257080078125,287.82257080078125,0.0,,96.0
Dinosaurs are extinct,e,1.0,240.2692108154297,240.2692108154297,0.0,,,,239.7854766845703,239.7854766845703,0.0,240.23561096191406,240.23561096191406,0.0,0.0,0.0,0.0,'i',1.4275705814361572,1.4275705814361572,0.0,240.2692108154297,240.2692108154297,0.0,,83.0
Magenta is a color,e,1.0,159.09625244140625,159.09625244140625,0.0,,,,158.61355590820312,158.61355590820312,0.0,159.0634307861328,159.0634307861328,0.0,1.0,1.0,0.0,'e',0.9003034234046936,0.9003034234046936,0.0,159.09625244140625,159.09625244140625,0.0,,48.0
Orange is a color,e,1.0,365.6948547363281,365.6948547363281,0.0,,,,365.210693359375,365.210693359375,0.0,365.6611022949219,365.6611022949219,0.0,1.0,1.0,0.0,'e',2.832947015762329,2.832947015762329,0.0,365.6948547363281,365.6948547363281,0.0,,121.0
Yellow is a color,e,1.0,166.99720764160156,166.99720764160156,0.0,,,,166.5145721435547,166.5145721435547,0.0,166.96456909179688,166.96456909179688,0.0,1.0,1.0,0.0,'e',0.9001759886741638,0.9001759886741638,0.0,166.99720764160156,166.99720764160156,0.0,,52.0
Humans can drink water,e,1.0,408.5142517089844,408.5142517089844,0.0,,411.5145794213051,,408.03082275390625,408.03082275390625,0.0,408.4809265136719,408.4809265136719,0.0,0.0,0.0,0.0,'i',2.98838210105896,2.98838210105896,0.0,408.5142517089844,408.5142517089844,0.0,,139.0
Humans can eat food,e,1.0,286.33837890625,286.33837890625,0.0,,,,285.8553161621094,285.8553161621094,0.0,286.30474853515625,286.30474853515625,0.0,1.0,1.0,0.0,'e',0.9554461240768433,0.9554461240768433,0.0,286.33837890625,286.33837890625,0.0,,95.0
A clock is used to tell time,e,1.0,178.148681640625,178.148681640625,0.0,,,,177.66461181640625,177.66461181640625,0.0,178.1146697998047,178.1146697998047,0.0,1.0,1.0,0.0,'e',1.055871605873108,1.055871605873108,0.0,178.148681640625,178.148681640625,0.0,,58.0
A motorcycle is a vehicle,e,1.0,58.27336883544922,58.27336883544922,0.0,,,,57.79046630859375,57.79046630859375,0.0,58.239131927490234,58.239131927490234,0.0,1.0,1.0,0.0,'e',1.1026588678359985,1.1026588678359985,0.0,58.27336883544922,58.27336883544922,0.0,,7.0
A truck is a vehicle,e,1.0,233.135009765625,233.135009765625,0.0,,,,232.65219116210938,232.65219116210938,0.0,233.1023406982422,233.1023406982422,0.0,1.0,1.0,0.0,'e',2.594085216522217,2.594085216522217,0.0,233.135009765625,233.135009765625,0.0,,80.0
Jupiter is in our solar system,e,1.0,422.1987609863281,422.1987609863281,0.0,,425.1985716883093,,421.71533203125,421.71533203125,0.0,422.16497802734375,422.16497802734375,0.0,1.0,1.0,0.0,'e',4.224548816680908,4.224548816680908,0.0,422.1987609863281,422.1987609863281,0.0,,143.0
The Earth is a planet,e,1.0,265.8874206542969,265.8874206542969,0.0,,268.88744186428374,,265.4037780761719,265.4037780761719,0.0,265.8536682128906,265.8536682128906,0.0,1.0,1.0,0.0,'e',3.4902231693267822,3.4902231693267822,0.0,265.8874206542969,265.8874206542969,0.0,265.4037702990463,90.0
The United States is a country,e,1.0,154.39700317382812,154.39700317382812,0.0,,,,153.9130096435547,153.9130096435547,0.0,154.36309814453125,154.36309814453125,0.0,1.0,1.0,0.0,'e',1.053065538406372,1.053065538406372,0.0,154.39700317382812,154.39700317382812,0.0,,46.0
The United States has a president,e,1.0,181.397705078125,181.397705078125,0.0,,,,180.91465759277344,180.91465759277344,0.0,181.365234375,181.365234375,0.0,1.0,1.0,0.0,'e',2.247396469116211,2.247396469116211,0.0,181.397705078125,181.397705078125,0.0,,60.0
There are fifty states in the United States,e,1.0,133.39422607421875,133.39422607421875,0.0,,,,132.91282653808594,132.91282653808594,0.0,133.36209106445312,133.36209106445312,0.0,1.0,1.0,0.0,'e',0.910758912563324,0.910758912563324,0.0,133.39422607421875,133.39422607421875,0.0,,38.0
Humans cannot breathe water,e,1.0,136.4617156982422,136.4617156982422,0.0,,,,135.97769165039062,135.97769165039062,0.0,136.42837524414062,136.42837524414062,0.0,1.0,1.0,0.0,'e',1.4619550704956055,1.4619550704956055,0.0,136.4617156982422,136.4617156982422,0.0,,40.0
A pencil is used to write,e,1.0,374.24462890625,374.24462890625,0.0,,,,373.7623596191406,373.7623596191406,0.0,374.2110900878906,374.2110900878906,0.0,1.0,1.0,0.0,'e',0.9429105520248413,0.9429105520248413,0.0,374.24462890625,374.24462890625,0.0,,124.0
This sentence is written in Spanish,i,1.0,399.1963195800781,399.1963195800781,0.0,,,,398.7135009765625,398.7135009765625,0.0,399.1628723144531,399.1628723144531,0.0,1.0,1.0,0.0,'i',1.0584049224853516,1.0584049224853516,0.0,399.1963195800781,399.1963195800781,0.0,,135.0
A square is a color,i,1.0,205.59889221191406,205.59889221191406,0.0,,,,205.11595153808594,205.11595153808594,0.0,205.56680297851562,205.56680297851562,0.0,1.0,1.0,0.0,'i',1.1299973726272583,1.1299973726272583,0.0,205.59889221191406,205.59889221191406,0.0,,69.0
A triangle is an animal,i,1.0,52.639427185058594,52.639427185058594,0.0,,,,52.15574264526367,52.15574264526367,0.0,52.60580062866211,52.60580062866211,0.0,0.0,0.0,0.0,'e',1.0252788066864014,1.0252788066864014,0.0,52.639427185058594,52.639427185058594,0.0,,5.0
A circle is a flavor,i,1.0,220.68414306640625,220.68414306640625,0.0,,,,220.20098876953125,220.20098876953125,0.0,220.65188598632812,220.65188598632812,0.0,1.0,1.0,0.0,'i',1.1076018810272217,1.1076018810272217,0.0,220.68414306640625,220.68414306640625,0.0,,75.0
Dinosaurs are not extinct,i,1.0,122.64422607421875,122.64422607421875,0.0,,,,122.16127014160156,122.16127014160156,0.0,122.62798309326172,122.62798309326172,0.0,1.0,1.0,0.0,'i',1.0967848300933838,1.0967848300933838,0.0,122.64422607421875,122.64422607421875,0.0,,33.0
Magenta is a shape,i,1.0,168.39761352539062,168.39761352539062,0.0,,,,167.9134521484375,167.9134521484375,0.0,168.36395263671875,168.36395263671875,0.0,1.0,1.0,0.0,'i',2.30033016204834,2.30033016204834,0.0,168.39761352539062,168.39761352539062,0.0,,53.0
Orange is a shape,i,1.0,89.95886993408203,89.95886993408203,0.0,,,,89.47554779052734,89.47554779052734,0.0,89.92489624023438,89.92489624023438,0.0,1.0,1.0,0.0,'i',1.6991398334503174,1.6991398334503174,0.0,89.95886993408203,89.95886993408203,0.0,,20.0
Yellow is an animal,i,1.0,440.34881591796875,440.34881591796875,0.0,,,,439.8830261230469,439.8830261230469,0.0,440.33282470703125,440.33282470703125,0.0,1.0,1.0,0.0,'i',0.9539608955383301,0.9539608955383301,0.0,440.34881591796875,440.34881591796875,0.0,,150.0
Humans can breathe water,i,1.0,393.4964599609375,393.4964599609375,0.0,398.49704298703,396.49593940731137,,393.01239013671875,393.01239013671875,0.0,393.462646484375,393.462646484375,0.0,1.0,1.0,0.0,'i',5.196205139160156,5.196205139160156,0.0,393.4964599609375,393.4964599609375,0.0,,134.0
Humans cannot eat food,i,1.0,174.86465454101562,174.86465454101562,0.0,,,,174.38058471679688,174.38058471679688,0.0,174.8315887451172,174.8315887451172,0.0,1.0,1.0,0.0,'i',1.189095139503479,1.189095139503479,0.0,174.86465454101562,174.86465454101562,0.0,,56.0
A horse is used to tell time,i,1.0,332.1747741699219,332.1747741699219,0.0,,,,331.6924743652344,331.6924743652344,0.0,332.1581726074219,332.1581726074219,0.0,1.0,1.0,0.0,'i',1.8097972869873047,1.8097972869873047,0.0,332.1747741699219,332.1747741699219,0.0,,110.0
A motorcycle is a person,i,1.0,258.18597412109375,258.18597412109375,0.0,,,,257.7034606933594,257.7034606933594,0.0,258.1527099609375,258.1527099609375,0.0,1.0,1.0,0.0,'i',1.213350534439087,1.213350534439087,0.0,258.18597412109375,258.18597412109375,0.0,257.7034462870797,88.0
A truck is an animal,i,1.0,142.19552612304688,142.19552612304688,0.0,,145.1960485973861,,141.71214294433594,141.71214294433594,0.0,142.16221618652344,142.16221618652344,0.0,1.0,1.0,0.0,'i',3.2736704349517822,3.2736704349517822,0.0,142.19552612304688,142.19552612304688,0.0,,43.0
Jupiter is the planet we live on,i,1.0,54.17251205444336,54.17251205444336,0.0,,57.17330783330836,,53.69004821777344,53.69004821777344,0.0,54.13978958129883,54.13978958129883,0.0,1.0,1.0,0.0,'i',3.589839220046997,3.589839220046997,0.0,54.17251205444336,54.17251205444336,0.0,,6.0
The Earth is a star,i,1.0,138.4282684326172,138.4282684326172,0.0,,,,137.94573974609375,137.94573974609375,0.0,138.39576721191406,138.39576721191406,0.0,1.0,1.0,0.0,'i',1.3495253324508667,1.3495253324508667,0.0,138.4282684326172,138.4282684326172,0.0,,41.0
Mississippi is a country,i,1.0,244.56954956054688,244.56954956054688,0.0,,,,244.08534240722656,244.08534240722656,0.0,244.53648376464844,244.53648376464844,0.0,1.0,1.0,0.0,'i',1.140732765197754,1.140732765197754,0.0,244.56954956054688,244.56954956054688,0.0,,85.0
The president of the United States is Oprah,i,1.0,140.2788848876953,140.2788848876953,0.0,,,,139.79591369628906,139.79591369628906,0.0,140.2455291748047,140.2455291748047,0.0,0.0,0.0,0.0,'e',1.4026883840560913,1.4026883840560913,0.0,140.2788848876953,140.2788848876953,0.0,,42.0
There are ninty states in the United States,i,1.0,391.7121276855469,391.7121276855469,0.0,,,,391.2283630371094,391.2283630371094,0.0,391.67919921875,391.67919921875,0.0,1.0,1.0,0.0,'i',1.2691246271133423,1.2691246271133423,0.0,391.7121276855469,391.7121276855469,0.0,,133.0
Humans can breathe water,i,1.0,222.30178833007812,222.30178833007812,0.0,,,,221.8169708251953,221.8169708251953,0.0,222.26759338378906,222.26759338378906,0.0,1.0,1.0,0.0,'i',1.960997223854065,1.960997223854065,0.0,222.30178833007812,222.30178833007812,0.0,,76.0
A rocketship is used to write,i,1.0,59.88972854614258,59.88972854614258,0.0,,,,59.42335510253906,59.42335510253906,0.0,59.87356185913086,59.87356185913086,0.0,1.0,1.0,0.0,'i',1.28215491771698,1.28215491771698,0.0,59.88972854614258,59.88972854614258,0.0,,8.0

extraInfo
participant,12221fast1
session,001
date,2021_Dec_02_1643
expName,InfinityThesisTest5
psychopyVersion,2021.2.3
frameRate,60.12194449780064
